name,min_lon,min_lat,max_lon,max_lat
Z,46.150506,39.029564,46.196774,39.065496