id,name,min_lon,min_lat,max_lon,max_lat
2,Kajaran,46.133823,39.134796,46.189442,39.162944
3,Lernadzor,46.181528,39.144756,46.223928,39.167245